{
    "MAPLatitude": 35.79396944444444,
    "MAPLongitude": 139.44066666666666,
    "MAPCaptureTime": "2022_04_14_13_13_33_000",
    "MAPAltitude": 72.9,
    "MAPCompassHeading": {
        "TrueHeading": 89.17,
        "MagneticHeading": 89.17
    }
}