{
    "MAPLatitude": 35.793458333333334,
    "MAPLongitude": 139.44110555555557,
    "MAPCaptureTime": "2022_04_14_13_13_57_000",
    "MAPAltitude": 76.2,
    "MAPCompassHeading": {
        "TrueHeading": 173.96,
        "MagneticHeading": 173.96
    }
}