{
    "MAPLatitude": 35.79082777777778,
    "MAPLongitude": 139.44547500000002,
    "MAPCaptureTime": "2022_04_14_13_15_56_000",
    "MAPAltitude": 91.2,
    "MAPCompassHeading": {
        "TrueHeading": 136.87,
        "MagneticHeading": 136.87
    }
}