{
    "MAPLatitude": 35.783702777777776,
    "MAPLongitude": 139.45363333333333,
    "MAPCaptureTime": "2022_04_14_13_17_45_000",
    "MAPAltitude": 72.1,
    "MAPCompassHeading": {
        "TrueHeading": 139.43,
        "MagneticHeading": 139.43
    }
}