{
    "MAPLatitude": 35.79385555555555,
    "MAPLongitude": 139.44114444444446,
    "MAPCaptureTime": "2022_04_14_13_13_39_000",
    "MAPAltitude": 75.8,
    "MAPCompassHeading": {
        "TrueHeading": 141.28,
        "MagneticHeading": 141.28
    }
}