{
    "MAPLatitude": 35.79284722222222,
    "MAPLongitude": 139.4424388888889,
    "MAPCaptureTime": "2022_04_14_13_14_28_000",
    "MAPAltitude": 80.4,
    "MAPCompassHeading": {
        "TrueHeading": 119.5,
        "MagneticHeading": 119.5
    }
}