{
    "MAPLatitude": 35.78754166666666,
    "MAPLongitude": 139.44926388888888,
    "MAPCaptureTime": "2022_04_14_13_16_44_000",
    "MAPAltitude": 89.0,
    "MAPCompassHeading": {
        "TrueHeading": 136.79,
        "MagneticHeading": 136.79
    }
}