{
    "MAPLatitude": 35.793977777777776,
    "MAPLongitude": 139.44053611111113,
    "MAPCaptureTime": "2022_04_14_13_13_27_000",
    "MAPAltitude": 72.3,
    "MAPCompassHeading": {
        "TrueHeading": 86.1,
        "MagneticHeading": 86.1
    }
}