{
    "MAPLatitude": 35.77376666666667,
    "MAPLongitude": 139.45183333333333,
    "MAPCaptureTime": "2022_04_14_13_21_16_000",
    "MAPAltitude": 88.4,
    "MAPCompassHeading": {
        "TrueHeading": 187.65,
        "MagneticHeading": 187.65
    }
}