{
    "MAPLatitude": 35.76291111111111,
    "MAPLongitude": 139.45027222222222,
    "MAPCaptureTime": "2022_04_14_13_23_23_000",
    "MAPAltitude": 80.5,
    "MAPCompassHeading": {
        "TrueHeading": 176.02,
        "MagneticHeading": 176.02
    }
}