{
    "MAPLatitude": 35.78221944444444,
    "MAPLongitude": 139.45295277777777,
    "MAPCaptureTime": "2022_04_14_13_19_04_000",
    "MAPAltitude": 72.6,
    "MAPCompassHeading": {
        "TrueHeading": 213.17,
        "MagneticHeading": 213.17
    }
}