{
    "MAPLatitude": 35.780725,
    "MAPLongitude": 139.4521083333333,
    "MAPCaptureTime": "2022_04_14_13_19_52_000",
    "MAPAltitude": 72.9,
    "MAPCompassHeading": {
        "TrueHeading": 172.55,
        "MagneticHeading": 172.55
    }
}