{
    "MAPLatitude": 35.76929444444444,
    "MAPLongitude": 139.4497388888889,
    "MAPCaptureTime": "2022_04_14_13_22_05_000",
    "MAPAltitude": 76.5,
    "MAPCompassHeading": {
        "TrueHeading": 188.8,
        "MagneticHeading": 188.8
    }
}