{
    "MAPLatitude": 35.77116111111111,
    "MAPLongitude": 139.4517361111111,
    "MAPCaptureTime": "2022_04_14_13_21_41_000",
    "MAPAltitude": 77.3,
    "MAPCompassHeading": {
        "TrueHeading": 206.5,
        "MagneticHeading": 206.5
    }
}