{
    "MAPLatitude": 35.76316944444444,
    "MAPLongitude": 139.45025277777776,
    "MAPCaptureTime": "2022_04_14_13_23_17_000",
    "MAPAltitude": 80.3,
    "MAPCompassHeading": {
        "TrueHeading": 177.23,
        "MagneticHeading": 177.23
    }
}