{
    "MAPLatitude": 35.79284444444444,
    "MAPLongitude": 139.44241944444445,
    "MAPCaptureTime": "2022_04_14_13_14_22_000",
    "MAPAltitude": 78.7,
    "MAPCompassHeading": {
        "TrueHeading": 119.15,
        "MagneticHeading": 119.15
    }
}