{
    "MAPLatitude": 35.78296388888889,
    "MAPLongitude": 139.4535833333333,
    "MAPCaptureTime": "2022_04_14_13_18_51_000",
    "MAPAltitude": 67.7,
    "MAPCompassHeading": {
        "TrueHeading": 173.38,
        "MagneticHeading": 173.38
    }
}