{
    "MAPLatitude": 35.778533333333336,
    "MAPLongitude": 139.4519361111111,
    "MAPCaptureTime": "2022_04_14_13_20_28_000",
    "MAPAltitude": 75.1,
    "MAPCompassHeading": {
        "TrueHeading": 195.95,
        "MagneticHeading": 195.95
    }
}