{
    "MAPLatitude": 35.78878888888889,
    "MAPLongitude": 139.44783333333334,
    "MAPCaptureTime": "2022_04_14_13_16_26_000",
    "MAPAltitude": 89.5,
    "MAPCompassHeading": {
        "TrueHeading": 137.63,
        "MagneticHeading": 137.63
    }
}