{
    "MAPLatitude": 35.76275277777778,
    "MAPLongitude": 139.45020555555556,
    "MAPCaptureTime": "2022_04_14_13_23_36_000",
    "MAPAltitude": 78.5,
    "MAPCompassHeading": {
        "TrueHeading": 155.89,
        "MagneticHeading": 155.89
    }
}