{
    "MAPLatitude": 35.76814722222222,
    "MAPLongitude": 139.44998055555556,
    "MAPCaptureTime": "2022_04_14_13_22_17_000",
    "MAPAltitude": 77.4,
    "MAPCompassHeading": {
        "TrueHeading": 171.46,
        "MagneticHeading": 171.46
    }
}