{
    "MAPLatitude": 35.78369722222222,
    "MAPLongitude": 139.45361944444443,
    "MAPCaptureTime": "2022_04_14_13_18_03_000",
    "MAPAltitude": 71.6,
    "MAPCompassHeading": {
        "TrueHeading": 139.43,
        "MagneticHeading": 139.43
    }
}