{
    "MAPLatitude": 35.76663611111111,
    "MAPLongitude": 139.45012777777777,
    "MAPCaptureTime": "2022_04_14_13_22_41_000",
    "MAPAltitude": 81.0,
    "MAPCompassHeading": {
        "TrueHeading": 153.98,
        "MagneticHeading": 153.98
    }
}