{
    "MAPLatitude": 35.78115,
    "MAPLongitude": 139.45220277777776,
    "MAPCaptureTime": "2022_04_14_13_19_22_000",
    "MAPAltitude": 71.5,
    "MAPCompassHeading": {
        "TrueHeading": 160.4,
        "MagneticHeading": 160.4
    }
}