{
    "MAPLatitude": 35.76976944444444,
    "MAPLongitude": 139.45010555555555,
    "MAPCaptureTime": "2022_04_14_13_21_59_000",
    "MAPAltitude": 76.1,
    "MAPCompassHeading": {
        "TrueHeading": 229.22,
        "MagneticHeading": 229.22
    }
}