{
    "MAPLatitude": 35.76589444444444,
    "MAPLongitude": 139.4507972222222,
    "MAPCaptureTime": "2022_04_14_13_22_53_000",
    "MAPAltitude": 75.9,
    "MAPCompassHeading": {
        "TrueHeading": 159.41,
        "MagneticHeading": 159.41
    }
}