{
    "MAPLatitude": 35.77727222222222,
    "MAPLongitude": 139.45211388888887,
    "MAPCaptureTime": "2022_04_14_13_20_40_000",
    "MAPAltitude": 77.4,
    "MAPCompassHeading": {
        "TrueHeading": 155.19,
        "MagneticHeading": 155.19
    }
}