{
    "MAPLatitude": 35.79308888888889,
    "MAPLongitude": 139.44184166666668,
    "MAPCaptureTime": "2022_04_14_13_14_10_000",
    "MAPAltitude": 77.4,
    "MAPCompassHeading": {
        "TrueHeading": 116.56,
        "MagneticHeading": 116.56
    }
}