{
    "MAPLatitude": 35.78370555555556,
    "MAPLongitude": 139.453625,
    "MAPCaptureTime": "2022_04_14_13_17_51_000",
    "MAPAltitude": 72.8,
    "MAPCompassHeading": {
        "TrueHeading": 139.43,
        "MagneticHeading": 139.43
    }
}