{
    "MAPLatitude": 35.794044444444445,
    "MAPLongitude": 139.44025277777777,
    "MAPCaptureTime": "2022_04_14_13_12_57_000",
    "MAPAltitude": 35.5,
    "MAPCompassHeading": {
        "TrueHeading": 359.0,
        "MagneticHeading": 359.0
    }
}