{
    "MAPLatitude": 35.790413888888885,
    "MAPLongitude": 139.44594722222223,
    "MAPCaptureTime": "2022_04_14_13_16_02_000",
    "MAPAltitude": 91.5,
    "MAPCompassHeading": {
        "TrueHeading": 136.57,
        "MagneticHeading": 136.57
    }
}