{
    "MAPLatitude": 35.79400833333333,
    "MAPLongitude": 139.44024166666668,
    "MAPCaptureTime": "2022_04_14_13_13_03_000",
    "MAPAltitude": 32.2,
    "MAPCompassHeading": {
        "TrueHeading": 359.0,
        "MagneticHeading": 359.0
    }
}