{
    "MAPLatitude": 35.792144444444446,
    "MAPLongitude": 139.44369722222223,
    "MAPCaptureTime": "2022_04_14_13_15_22_000",
    "MAPAltitude": 89.5,
    "MAPCompassHeading": {
        "TrueHeading": 126.29,
        "MagneticHeading": 126.29
    }
}