{
    "MAPLatitude": 35.78574444444444,
    "MAPLongitude": 139.45134166666665,
    "MAPCaptureTime": "2022_04_14_13_17_15_000",
    "MAPAltitude": 73.8,
    "MAPCompassHeading": {
        "TrueHeading": 136.28,
        "MagneticHeading": 136.28
    }
}