{
    "MAPLatitude": 35.78369722222222,
    "MAPLongitude": 139.45364999999998,
    "MAPCaptureTime": "2022_04_14_13_18_15_000",
    "MAPAltitude": 72.6,
    "MAPCompassHeading": {
        "TrueHeading": 139.43,
        "MagneticHeading": 139.43
    }
}