{
    "MAPLatitude": 35.781797222222224,
    "MAPLongitude": 139.4525972222222,
    "MAPCaptureTime": "2022_04_14_13_19_10_000",
    "MAPAltitude": 72.7,
    "MAPCompassHeading": {
        "TrueHeading": 214.89,
        "MagneticHeading": 214.89
    }
}