{
    "MAPLatitude": 35.780705555555556,
    "MAPLongitude": 139.45211666666665,
    "MAPCaptureTime": "2022_04_14_13_19_40_000",
    "MAPAltitude": 71.3,
    "MAPCompassHeading": {
        "TrueHeading": 172.55,
        "MagneticHeading": 172.55
    }
}