{
    "MAPLatitude": 35.76284444444445,
    "MAPLongitude": 139.4489861111111,
    "MAPCaptureTime": "2022_04_14_13_23_48_000",
    "MAPAltitude": 79.6,
    "MAPCompassHeading": {
        "TrueHeading": 264.79,
        "MagneticHeading": 264.79
    }
}