{
    "MAPLatitude": 35.779152777777774,
    "MAPLongitude": 139.45210555555553,
    "MAPCaptureTime": "2022_04_14_13_20_22_000",
    "MAPAltitude": 74.4,
    "MAPCompassHeading": {
        "TrueHeading": 185.96,
        "MagneticHeading": 185.96
    }
}