{
    "MAPLatitude": 35.78832777777777,
    "MAPLongitude": 139.44835555555557,
    "MAPCaptureTime": "2022_04_14_13_16_32_000",
    "MAPAltitude": 91.9,
    "MAPCompassHeading": {
        "TrueHeading": 136.47,
        "MagneticHeading": 136.47
    }
}