{
    "MAPLatitude": 35.76213055555556,
    "MAPLongitude": 139.44440555555556,
    "MAPCaptureTime": "2022_04_14_13_24_30_000",
    "MAPAltitude": 76.1,
    "MAPCompassHeading": {
        "TrueHeading": 270.49,
        "MagneticHeading": 270.49
    }
}