{
    "MAPLatitude": 35.76213333333333,
    "MAPLongitude": 139.443975,
    "MAPCaptureTime": "2022_04_14_13_24_36_000",
    "MAPAltitude": 78.7,
    "MAPCompassHeading": {
        "TrueHeading": 89.65,
        "MagneticHeading": 89.65
    }
}