{
    "MAPLatitude": 35.780611111111114,
    "MAPLongitude": 139.45209166666666,
    "MAPCaptureTime": "2022_04_14_13_20_10_000",
    "MAPAltitude": 75.6,
    "MAPCompassHeading": {
        "TrueHeading": 76.57,
        "MagneticHeading": 76.57
    }
}