{
    "MAPLatitude": 35.762372222222226,
    "MAPLongitude": 139.4467388888889,
    "MAPCaptureTime": "2022_04_14_13_24_12_000",
    "MAPAltitude": 73.6,
    "MAPCompassHeading": {
        "TrueHeading": 243.99,
        "MagneticHeading": 243.99
    }
}