{
    "MAPLatitude": 35.783208333333334,
    "MAPLongitude": 139.45358888888887,
    "MAPCaptureTime": "2022_04_14_13_18_45_000",
    "MAPAltitude": 69.5,
    "MAPCompassHeading": {
        "TrueHeading": 151.01,
        "MagneticHeading": 151.01
    }
}