{
    "MAPLatitude": 35.780699999999996,
    "MAPLongitude": 139.4521083333333,
    "MAPCaptureTime": "2022_04_14_13_20_04_000",
    "MAPAltitude": 75.6,
    "MAPCompassHeading": {
        "TrueHeading": 36.14,
        "MagneticHeading": 36.14
    }
}