{
    "MAPLatitude": 35.785180555555556,
    "MAPLongitude": 139.45198333333332,
    "MAPCaptureTime": "2022_04_14_13_17_21_000",
    "MAPAltitude": 71.9,
    "MAPCompassHeading": {
        "TrueHeading": 137.55,
        "MagneticHeading": 137.55
    }
}