{
    "MAPLatitude": 35.77435277777778,
    "MAPLongitude": 139.45194999999998,
    "MAPCaptureTime": "2022_04_14_13_21_10_000",
    "MAPAltitude": 83.4,
    "MAPCompassHeading": {
        "TrueHeading": 190.93,
        "MagneticHeading": 190.93
    }
}