{
    "MAPLatitude": 35.76211111111111,
    "MAPLongitude": 139.44497222222222,
    "MAPCaptureTime": "2022_04_14_13_24_24_000",
    "MAPAltitude": 76.8,
    "MAPCompassHeading": {
        "TrueHeading": 273.63,
        "MagneticHeading": 273.63
    }
}