{
    "MAPLatitude": 35.79355833333333,
    "MAPLongitude": 139.44111111111113,
    "MAPCaptureTime": "2022_04_14_13_13_45_000",
    "MAPAltitude": 75.7,
    "MAPCompassHeading": {
        "TrueHeading": 177.73,
        "MagneticHeading": 177.73
    }
}