{
    "MAPLatitude": 35.763711111111114,
    "MAPLongitude": 139.4503611111111,
    "MAPCaptureTime": "2022_04_14_13_23_11_000",
    "MAPAltitude": 78.6,
    "MAPCompassHeading": {
        "TrueHeading": 197.74,
        "MagneticHeading": 197.74
    }
}