{
    "MAPLatitude": 35.770675,
    "MAPLongitude": 139.4513611111111,
    "MAPCaptureTime": "2022_04_14_13_21_47_000",
    "MAPAltitude": 74.4,
    "MAPCompassHeading": {
        "TrueHeading": 220.76,
        "MagneticHeading": 220.76
    }
}