{
    "MAPLatitude": 35.787949999999995,
    "MAPLongitude": 139.44878888888888,
    "MAPCaptureTime": "2022_04_14_13_16_38_000",
    "MAPAltitude": 92.0,
    "MAPCompassHeading": {
        "TrueHeading": 136.52,
        "MagneticHeading": 136.52
    }
}