{
    "MAPLatitude": 35.78073333333333,
    "MAPLongitude": 139.45211388888887,
    "MAPCaptureTime": "2022_04_14_13_19_58_000",
    "MAPAltitude": 75.8,
    "MAPCompassHeading": {
        "TrueHeading": 172.55,
        "MagneticHeading": 172.55
    }
}