{
    "MAPLatitude": 35.79400277777778,
    "MAPLongitude": 139.44024166666668,
    "MAPCaptureTime": "2022_04_14_13_13_09_000",
    "MAPAltitude": 29.0,
    "MAPCompassHeading": {
        "TrueHeading": 359.0,
        "MagneticHeading": 359.0
    }
}