{
    "MAPLatitude": 35.78476111111111,
    "MAPLongitude": 139.45245277777778,
    "MAPCaptureTime": "2022_04_14_13_17_27_000",
    "MAPAltitude": 71.3,
    "MAPCompassHeading": {
        "TrueHeading": 137.55,
        "MagneticHeading": 137.55
    }
}