{
    "MAPLatitude": 35.782630555555556,
    "MAPLongitude": 139.45331944444445,
    "MAPCaptureTime": "2022_04_14_13_18_58_000",
    "MAPAltitude": 71.4,
    "MAPCompassHeading": {
        "TrueHeading": 217.45,
        "MagneticHeading": 217.45
    }
}