{
    "MAPLatitude": 35.793252777777774,
    "MAPLongitude": 139.44141666666667,
    "MAPCaptureTime": "2022_04_14_13_14_04_000",
    "MAPAltitude": 76.9,
    "MAPCompassHeading": {
        "TrueHeading": 115.05,
        "MagneticHeading": 115.05
    }
}