{
    "MAPLatitude": 35.786319444444445,
    "MAPLongitude": 139.4506722222222,
    "MAPCaptureTime": "2022_04_14_13_17_03_000",
    "MAPAltitude": 76.7,
    "MAPCompassHeading": {
        "TrueHeading": 135.98,
        "MagneticHeading": 135.98
    }
}