{
    "MAPLatitude": 35.79289722222222,
    "MAPLongitude": 139.44229166666668,
    "MAPCaptureTime": "2022_04_14_13_14_15_000",
    "MAPAltitude": 78.0,
    "MAPCompassHeading": {
        "TrueHeading": 117.92,
        "MagneticHeading": 117.92
    }
}