{
    "MAPLatitude": 35.764925,
    "MAPLongitude": 139.45074166666666,
    "MAPCaptureTime": "2022_04_14_13_23_00_000",
    "MAPAltitude": 76.3,
    "MAPCompassHeading": {
        "TrueHeading": 180.44,
        "MagneticHeading": 180.44
    }
}