{
    "MAPLatitude": 35.792827777777774,
    "MAPLongitude": 139.44248055555556,
    "MAPCaptureTime": "2022_04_14_13_15_04_000",
    "MAPAltitude": 82.2,
    "MAPCompassHeading": {
        "TrueHeading": 119.5,
        "MagneticHeading": 119.5
    }
}