{
    "MAPLatitude": 35.783588888888886,
    "MAPLongitude": 139.45377777777776,
    "MAPCaptureTime": "2022_04_14_13_18_33_000",
    "MAPAltitude": 69.2,
    "MAPCompassHeading": {
        "TrueHeading": 141.78,
        "MagneticHeading": 141.78
    }
}