{
    "MAPLatitude": 35.76732222222222,
    "MAPLongitude": 139.45001944444442,
    "MAPCaptureTime": "2022_04_14_13_22_35_000",
    "MAPAltitude": 78.9,
    "MAPCompassHeading": {
        "TrueHeading": 176.68,
        "MagneticHeading": 176.68
    }
}