{
    "MAPLatitude": 35.78140277777778,
    "MAPLongitude": 139.4523361111111,
    "MAPCaptureTime": "2022_04_14_13_19_16_000",
    "MAPAltitude": 70.9,
    "MAPCompassHeading": {
        "TrueHeading": 204.92,
        "MagneticHeading": 204.92
    }
}