{
    "MAPLatitude": 35.79253333333333,
    "MAPLongitude": 139.44303055555557,
    "MAPCaptureTime": "2022_04_14_13_15_10_000",
    "MAPAltitude": 87.6,
    "MAPCompassHeading": {
        "TrueHeading": 123.02,
        "MagneticHeading": 123.02
    }
}