{
    "MAPLatitude": 35.77569444444444,
    "MAPLongitude": 139.4525972222222,
    "MAPCaptureTime": "2022_04_14_13_20_58_000",
    "MAPAltitude": 78.6,
    "MAPCompassHeading": {
        "TrueHeading": 187.16,
        "MagneticHeading": 187.16
    }
}