{
    "MAPLatitude": 35.777905555555556,
    "MAPLongitude": 139.45186388888888,
    "MAPCaptureTime": "2022_04_14_13_20_34_000",
    "MAPAltitude": 76.6,
    "MAPCompassHeading": {
        "TrueHeading": 173.66,
        "MagneticHeading": 173.66
    }
}