{
    "MAPLatitude": 35.77278333333333,
    "MAPLongitude": 139.45182777777777,
    "MAPCaptureTime": "2022_04_14_13_21_29_000",
    "MAPAltitude": 89.2,
    "MAPCompassHeading": {
        "TrueHeading": 167.95,
        "MagneticHeading": 167.95
    }
}