{
    "MAPLatitude": 35.79397222222222,
    "MAPLongitude": 139.4402861111111,
    "MAPCaptureTime": "2022_04_14_13_13_21_000",
    "MAPAltitude": 50.5,
    "MAPCompassHeading": {
        "TrueHeading": 359.0,
        "MagneticHeading": 359.0
    }
}