{
    "MAPLatitude": 35.77168888888889,
    "MAPLongitude": 139.45196944444444,
    "MAPCaptureTime": "2022_04_14_13_21_35_000",
    "MAPAltitude": 82.4,
    "MAPCompassHeading": {
        "TrueHeading": 187.38,
        "MagneticHeading": 187.38
    }
}