{
    "MAPLatitude": 35.78686666666666,
    "MAPLongitude": 139.45004166666666,
    "MAPCaptureTime": "2022_04_14_13_16_56_000",
    "MAPAltitude": 81.7,
    "MAPCompassHeading": {
        "TrueHeading": 136.79,
        "MagneticHeading": 136.79
    }
}