{
    "MAPLatitude": 35.76614444444444,
    "MAPLongitude": 139.45057777777777,
    "MAPCaptureTime": "2022_04_14_13_22_47_000",
    "MAPAltitude": 75.0,
    "MAPCompassHeading": {
        "TrueHeading": 139.52,
        "MagneticHeading": 139.52
    }
}