{
    "MAPLatitude": 35.79283888888889,
    "MAPLongitude": 139.44247222222222,
    "MAPCaptureTime": "2022_04_14_13_14_58_000",
    "MAPAltitude": 81.3,
    "MAPCompassHeading": {
        "TrueHeading": 119.5,
        "MagneticHeading": 119.5
    }
}