{
    "MAPLatitude": 35.79018055555555,
    "MAPLongitude": 139.44621944444444,
    "MAPCaptureTime": "2022_04_14_13_16_08_000",
    "MAPAltitude": 90.5,
    "MAPCompassHeading": {
        "TrueHeading": 136.25,
        "MagneticHeading": 136.25
    }
}