{
    "MAPLatitude": 35.78101111111111,
    "MAPLongitude": 139.45217499999998,
    "MAPCaptureTime": "2022_04_14_13_19_28_000",
    "MAPAltitude": 73.1,
    "MAPCompassHeading": {
        "TrueHeading": 174.14,
        "MagneticHeading": 174.14
    }
}