{
    "MAPLatitude": 35.78368888888889,
    "MAPLongitude": 139.45363055555555,
    "MAPCaptureTime": "2022_04_14_13_18_09_000",
    "MAPAltitude": 71.7,
    "MAPCompassHeading": {
        "TrueHeading": 139.43,
        "MagneticHeading": 139.43
    }
}