{
    "MAPLatitude": 35.76276388888889,
    "MAPLongitude": 139.44825,
    "MAPCaptureTime": "2022_04_14_13_23_54_000",
    "MAPAltitude": 76.1,
    "MAPCompassHeading": {
        "TrueHeading": 264.48,
        "MagneticHeading": 264.48
    }
}