{
    "MAPLatitude": 35.768591666666666,
    "MAPLongitude": 139.44988333333333,
    "MAPCaptureTime": "2022_04_14_13_22_11_000",
    "MAPAltitude": 78.9,
    "MAPCompassHeading": {
        "TrueHeading": 168.94,
        "MagneticHeading": 168.94
    }
}