{
    "MAPLatitude": 35.79131666666667,
    "MAPLongitude": 139.44488611111112,
    "MAPCaptureTime": "2022_04_14_13_15_50_000",
    "MAPAltitude": 89.6,
    "MAPCompassHeading": {
        "TrueHeading": 133.32,
        "MagneticHeading": 133.32
    }
}