{
    "MAPLatitude": 35.79284166666667,
    "MAPLongitude": 139.44246944444444,
    "MAPCaptureTime": "2022_04_14_13_14_52_000",
    "MAPAltitude": 80.2,
    "MAPCompassHeading": {
        "TrueHeading": 119.5,
        "MagneticHeading": 119.5
    }
}