{
    "MAPLatitude": 35.79405833333333,
    "MAPLongitude": 139.44031944444444,
    "MAPCaptureTime": "2022_04_14_13_12_51_000",
    "MAPAltitude": 44.2,
    "MAPCompassHeading": {
        "TrueHeading": 359.0,
        "MagneticHeading": 359.0
    }
}