{
    "MAPLatitude": 35.77654444444445,
    "MAPLongitude": 139.45252777777776,
    "MAPCaptureTime": "2022_04_14_13_20_46_000",
    "MAPAltitude": 77.3,
    "MAPCompassHeading": {
        "TrueHeading": 160.12,
        "MagneticHeading": 160.12
    }
}