{
    "MAPLatitude": 35.78370555555556,
    "MAPLongitude": 139.45364444444442,
    "MAPCaptureTime": "2022_04_14_13_18_27_000",
    "MAPAltitude": 70.0,
    "MAPCompassHeading": {
        "TrueHeading": 139.43,
        "MagneticHeading": 139.43
    }
}