{
    "MAPLatitude": 35.76243888888889,
    "MAPLongitude": 139.4469388888889,
    "MAPCaptureTime": "2022_04_14_13_24_06_000",
    "MAPAltitude": 71.9,
    "MAPCompassHeading": {
        "TrueHeading": 252.42,
        "MagneticHeading": 252.42
    }
}