{
    "MAPLatitude": 35.762211111111114,
    "MAPLongitude": 139.44575833333334,
    "MAPCaptureTime": "2022_04_14_13_24_18_000",
    "MAPAltitude": 72.1,
    "MAPCompassHeading": {
        "TrueHeading": 255.23,
        "MagneticHeading": 255.23
    }
}