{
    "MAPLatitude": 35.783877777777775,
    "MAPLongitude": 139.45344722222222,
    "MAPCaptureTime": "2022_04_14_13_17_39_000",
    "MAPAltitude": 70.9,
    "MAPCompassHeading": {
        "TrueHeading": 141.76,
        "MagneticHeading": 141.76
    }
}