{
    "MAPLatitude": 35.78433611111111,
    "MAPLongitude": 139.45294166666665,
    "MAPCaptureTime": "2022_04_14_13_17_33_000",
    "MAPAltitude": 70.8,
    "MAPCompassHeading": {
        "TrueHeading": 136.7,
        "MagneticHeading": 136.7
    }
}