{
    "MAPLatitude": 35.77310833333333,
    "MAPLongitude": 139.4517833333333,
    "MAPCaptureTime": "2022_04_14_13_21_23_000",
    "MAPAltitude": 91.2,
    "MAPCompassHeading": {
        "TrueHeading": 176.2,
        "MagneticHeading": 176.2
    }
}