{
    "MAPLatitude": 35.791736111111106,
    "MAPLongitude": 139.44430555555556,
    "MAPCaptureTime": "2022_04_14_13_15_44_000",
    "MAPAltitude": 89.7,
    "MAPCompassHeading": {
        "TrueHeading": 129.82,
        "MagneticHeading": 129.82
    }
}