{
    "MAPLatitude": 35.770224999999996,
    "MAPLongitude": 139.4507583333333,
    "MAPCaptureTime": "2022_04_14_13_21_53_000",
    "MAPAltitude": 75.0,
    "MAPCompassHeading": {
        "TrueHeading": 229.62,
        "MagneticHeading": 229.62
    }
}