{
    "MAPLatitude": 35.79284722222222,
    "MAPLongitude": 139.44245,
    "MAPCaptureTime": "2022_04_14_13_14_34_000",
    "MAPAltitude": 79.8,
    "MAPCompassHeading": {
        "TrueHeading": 119.5,
        "MagneticHeading": 119.5
    }
}