{
    "MAPLatitude": 35.79244722222222,
    "MAPLongitude": 139.4431888888889,
    "MAPCaptureTime": "2022_04_14_13_15_16_000",
    "MAPAltitude": 88.0,
    "MAPCompassHeading": {
        "TrueHeading": 123.9,
        "MagneticHeading": 123.9
    }
}