{
    "MAPLatitude": 35.789586111111106,
    "MAPLongitude": 139.4469222222222,
    "MAPCaptureTime": "2022_04_14_13_16_20_000",
    "MAPAltitude": 88.6,
    "MAPCompassHeading": {
        "TrueHeading": 136.99,
        "MagneticHeading": 136.99
    }
}