{
    "MAPLatitude": 35.76432777777778,
    "MAPLongitude": 139.450625,
    "MAPCaptureTime": "2022_04_14_13_23_05_000",
    "MAPAltitude": 76.6,
    "MAPCompassHeading": {
        "TrueHeading": 198.6,
        "MagneticHeading": 198.6
    }
}