{
    "MAPLatitude": 35.762875,
    "MAPLongitude": 139.45027499999998,
    "MAPCaptureTime": "2022_04_14_13_23_30_000",
    "MAPAltitude": 81.3,
    "MAPCompassHeading": {
        "TrueHeading": 175.5,
        "MagneticHeading": 175.5
    }
}