{
    "MAPLatitude": 35.79284444444444,
    "MAPLongitude": 139.44246388888888,
    "MAPCaptureTime": "2022_04_14_13_14_46_000",
    "MAPAltitude": 79.6,
    "MAPCompassHeading": {
        "TrueHeading": 119.5,
        "MagneticHeading": 119.5
    }
}