{
    "MAPLatitude": 35.79284722222222,
    "MAPLongitude": 139.44246111111113,
    "MAPCaptureTime": "2022_04_14_13_14_40_000",
    "MAPAltitude": 79.6,
    "MAPCompassHeading": {
        "TrueHeading": 119.5,
        "MagneticHeading": 119.5
    }
}