{
    "MAPLatitude": 35.78613333333333,
    "MAPLongitude": 139.4508972222222,
    "MAPCaptureTime": "2022_04_14_13_17_09_000",
    "MAPAltitude": 75.4,
    "MAPCompassHeading": {
        "TrueHeading": 135.55,
        "MagneticHeading": 135.55
    }
}