{
    "MAPLatitude": 35.79213333333333,
    "MAPLongitude": 139.44369722222223,
    "MAPCaptureTime": "2022_04_14_13_15_38_000",
    "MAPAltitude": 89.7,
    "MAPCompassHeading": {
        "TrueHeading": 126.31,
        "MagneticHeading": 126.31
    }
}