{
    "MAPLatitude": 35.78971388888889,
    "MAPLongitude": 139.44677222222222,
    "MAPCaptureTime": "2022_04_14_13_16_14_000",
    "MAPAltitude": 88.9,
    "MAPCompassHeading": {
        "TrueHeading": 136.89,
        "MagneticHeading": 136.89
    }
}