{
    "MAPLatitude": 35.76764444444444,
    "MAPLongitude": 139.45003333333332,
    "MAPCaptureTime": "2022_04_14_13_22_23_000",
    "MAPAltitude": 76.5,
    "MAPCompassHeading": {
        "TrueHeading": 189.51,
        "MagneticHeading": 189.51
    }
}