{
    "MAPLatitude": 35.78370833333333,
    "MAPLongitude": 139.45362777777777,
    "MAPCaptureTime": "2022_04_14_13_17_57_000",
    "MAPAltitude": 71.7,
    "MAPCompassHeading": {
        "TrueHeading": 139.43,
        "MagneticHeading": 139.43
    }
}