{
    "MAPLatitude": 35.78709444444444,
    "MAPLongitude": 139.44978055555555,
    "MAPCaptureTime": "2022_04_14_13_16_51_000",
    "MAPAltitude": 84.1,
    "MAPCompassHeading": {
        "TrueHeading": 137.16,
        "MagneticHeading": 137.16
    }
}