{
    "MAPLatitude": 35.78370833333333,
    "MAPLongitude": 139.4536472222222,
    "MAPCaptureTime": "2022_04_14_13_18_21_000",
    "MAPAltitude": 69.8,
    "MAPCompassHeading": {
        "TrueHeading": 139.43,
        "MagneticHeading": 139.43
    }
}