{
    "MAPLatitude": 35.793997222222224,
    "MAPLongitude": 139.44025833333333,
    "MAPCaptureTime": "2022_04_14_13_13_15_000",
    "MAPAltitude": 45.1,
    "MAPCompassHeading": {
        "TrueHeading": 359.0,
        "MagneticHeading": 359.0
    }
}