{
    "MAPLatitude": 35.78073888888889,
    "MAPLongitude": 139.45211666666665,
    "MAPCaptureTime": "2022_04_14_13_19_34_000",
    "MAPAltitude": 72.0,
    "MAPCompassHeading": {
        "TrueHeading": 172.55,
        "MagneticHeading": 172.55
    }
}