{
    "MAPLatitude": 35.783425,
    "MAPLongitude": 139.45367499999998,
    "MAPCaptureTime": "2022_04_14_13_18_39_000",
    "MAPAltitude": 71.2,
    "MAPCompassHeading": {
        "TrueHeading": 158.4,
        "MagneticHeading": 158.4
    }
}