{
    "MAPLatitude": 35.774988888888885,
    "MAPLongitude": 139.45226944444443,
    "MAPCaptureTime": "2022_04_14_13_21_04_000",
    "MAPAltitude": 79.9,
    "MAPCompassHeading": {
        "TrueHeading": 210.71,
        "MagneticHeading": 210.71
    }
}