{
    "MAPLatitude": 35.77978888888889,
    "MAPLongitude": 139.45209166666666,
    "MAPCaptureTime": "2022_04_14_13_20_16_000",
    "MAPAltitude": 76.4,
    "MAPCompassHeading": {
        "TrueHeading": 173.49,
        "MagneticHeading": 173.49
    }
}