{
    "MAPLatitude": 35.77611111111111,
    "MAPLongitude": 139.4525972222222,
    "MAPCaptureTime": "2022_04_14_13_20_52_000",
    "MAPAltitude": 75.9,
    "MAPCompassHeading": {
        "TrueHeading": 180.14,
        "MagneticHeading": 180.14
    }
}